"row","filename","title","author","year","page_number","image_url","license"
"1","001_bsb11034278_12_conf_1.00.png","Statistische Uebersichten über Waaren-Verkehr und Zoll-Ertrag im Deutschen Zoll-Vereine : für das Jahr ... / 1850","Deutscher Zollverein","1850","12 (0012)","https://api.digitale-sammlungen.de/iiif/image/v2/bsb11034278_00012/full/full/0/default.jpg","https://rightsstatements.org/page/NoC-NC/1.0/"
"2","002_bsb11507320_44_conf_1.00.png","Statistica del commercio speciale di importazione e di esportazione / 1889, 1. - 31. Jan.",,"1889","42 (0044)","https://api.digitale-sammlungen.de/iiif/image/v2/bsb11507320_00044/full/full/0/default.jpg","https://rightsstatements.org/page/NoC-NC/1.0/"
"3","003_bsb11507329_103_conf_1.00.png","Statistica del commercio speciale di importazione e di esportazione / 1889, 1. Jan. - 31. Okt.",,"1889","101 (0103)","https://api.digitale-sammlungen.de/iiif/image/v2/bsb11507329_00103/full/full/0/default.jpg","https://rightsstatements.org/page/NoC-NC/1.0/"
"4","004_bsb11034289_8_conf_1.00.png","Statistische Uebersichten über Waaren-Verkehr und Zoll-Ertrag im Deutschen Zoll-Vereine : für das Jahr ... / 1848","Deutscher Zollverein","1848","8 (0008)","https://api.digitale-sammlungen.de/iiif/image/v2/bsb11034289_00008/full/full/0/default.jpg","https://rightsstatements.org/page/NoC-NC/1.0/"
"5","005_bsb10388362_221_conf_1.00.png","Jahrbücher für Nationalökonomie und Statistik : = Journal of economics and statistics / 12. 1869",,"1869","213 (0221)","https://api.digitale-sammlungen.de/iiif/image/v2/bsb10388362_00221/full/full/0/default.jpg","https://rightsstatements.org/page/NoC-NC/1.0/"
"6","006_bsb11461037_11_conf_1.00.png","Übersichts-Tabelle der Ein-, Aus- und Durchfuhr : im Jahr ... / 1881","Schweiz","1881","11 (0011)","https://api.digitale-sammlungen.de/iiif/image/v2/bsb11461037_00011/full/full/0/default.jpg","https://rightsstatements.org/page/NoC-NC/1.0/"
"7","007_bsb11039516_249_conf_1.00.png","Jahrbücher für Nationalökonomie und Statistik : = Journal of economics and statistics / 20. 1873",,"1873","239 (0249)","https://api.digitale-sammlungen.de/iiif/image/v2/bsb11039516_00249/full/full/0/default.jpg","https://rightsstatements.org/page/NoC-NC/1.0/"
"8","008_bsb10290675_55_conf_1.00.png","Statistische Übersicht der wichtigsten Gegenstände des Verkehrs und Verbrauchs im preußischen Staate und im deutschen Zollvereine / [1] : In dem Zeitraume von 1831 bis 1836","Dieterici, Karl Friedrich Wilhelm","1838","35 (0055)","https://api.digitale-sammlungen.de/iiif/image/v2/bsb10290675_00055/full/full/0/default.jpg","https://rightsstatements.org/page/NoC-NC/1.0/"
"9","009_bsb10388338_288_conf_1.00.png","Jahrbuch für Volkswirthschaft und Statistik / 3. 1855","Hübner, Otto","1855","282 (0288)","https://api.digitale-sammlungen.de/iiif/image/v2/bsb10388338_00288/full/full/0/default.jpg","https://rightsstatements.org/page/NoC-NC/1.0/"
"10","010_bsb11034185_113_conf_1.00.png","Statistischer Jahres-Bericht der Central-Commission für die Rhein-Schiffahrt / 1871 (1872)","Zentralkommission für die Rheinschifffahrt","1872","105 (0113)","https://api.digitale-sammlungen.de/iiif/image/v2/bsb11034185_00113/full/full/0/default.jpg","https://rightsstatements.org/page/NoC-NC/1.0/"
"11","011_bsb10347655_57_conf_1.00.png","Tableau du titre, poids et valeur, des différentes monnaies dór et dárgent, qui circulent dans le com[m]erce : avec empreintes, auquel on a joint diverses tables, tarifs et règles utiles à ceux qui travaillent ou font commerce des matières dór et dárgent ainsi que la Loi du 19 brumaire an 6, relativeà la surveillance du titre et aux droits de garantie, ...","Darier, Hugues","1807","47 (0057)","https://api.digitale-sammlungen.de/iiif/image/v2/bsb10347655_00057/full/full/0/default.jpg","https://rightsstatements.org/page/NoC-NC/1.0/"
"12","012_bsb11461040_20_conf_1.00.png","Übersichts-Tabelle der Ein-, Aus- und Durchfuhr : im Jahr ... / 1884","Schweiz","1884","20 (0020)","https://api.digitale-sammlungen.de/iiif/image/v2/bsb11461040_00020/full/full/0/default.jpg","https://rightsstatements.org/page/NoC-NC/1.0/"
"13","013_bsb10290675_487_conf_1.00.png","Statistische Übersicht der wichtigsten Gegenstände des Verkehrs und Verbrauchs im preußischen Staate und im deutschen Zollvereine / [1] : In dem Zeitraume von 1831 bis 1836","Dieterici, Karl Friedrich Wilhelm","1838","467 (0487)","https://api.digitale-sammlungen.de/iiif/image/v2/bsb10290675_00487/full/full/0/default.jpg","https://rightsstatements.org/page/NoC-NC/1.0/"
"14","014_bsb10228053_87_conf_1.00.png","Genikos pinax tu exōteriku emporiu tēs Ellados : = Tableau général du commerce de la Grèce avec les nations étrangères / 1858 (1859)",,"1859","67 (0087)","https://api.digitale-sammlungen.de/iiif/image/v2/bsb10228053_00087/full/full/0/default.jpg","https://rightsstatements.org/page/NoC-NC/1.0/"
"15","015_bsb10619975_188_conf_1.00.png","Allgemeine vergleichende Finanz-Statistik : vergleichende Darstellung des Haushalts, Abgabenwesens und der Schulden Deutschlands und des übrigen Europa / 1,1 : Bayern, Württemberg, Baden, Großherzogthum Hessen, Kurfürstenthum Hessen, Nassau","Reden, Friedrich Wilhelm von","1851","182 (0188)","https://api.digitale-sammlungen.de/iiif/image/v2/bsb10619975_00188/full/full/0/default.jpg","https://rightsstatements.org/page/NoC-NC/1.0/"
"16","016_bsb11507403_102_conf_1.00.png","Statistica del commercio speciale di importazione e di esportazione / 1895, 1. Jan. - 31. Dez.",,"1895","100 (0102)","https://api.digitale-sammlungen.de/iiif/image/v2/bsb11507403_00102/full/full/0/default.jpg","https://rightsstatements.org/page/NoC-NC/1.0/"
"17","017_bsb10292453_98_conf_1.00.png","Vergleichungs-Tafeln der Gewichte verschiedener Länder und Städte : Nebst d. neuesten Verordnungen u. Untersuchungen über Maße u. Gewichte, wie auch mehreren Beitr. zur Berichtigung d. Gewichtskunde ; Zugl. als Erg. u. Forts. d. v. demselben hrsg. 3. Aufl. d. Maß- u. Gewichtsbuches v. Georg Kaspar Chelius","Hauschild, Johann Friedrich","1836","86 (0098)","https://api.digitale-sammlungen.de/iiif/image/v2/bsb10292453_00098/full/full/0/default.jpg","https://rightsstatements.org/page/NoC-NC/1.0/"
"18","018_bsb11461038_19_conf_1.00.png","Übersichts-Tabelle der Ein-, Aus- und Durchfuhr : im Jahr ... / 1882","Schweiz","1882","19 (0019)","https://api.digitale-sammlungen.de/iiif/image/v2/bsb11461038_00019/full/full/0/default.jpg","https://rightsstatements.org/page/NoC-NC/1.0/"
"19","019_bsb10347655_73_conf_1.00.png","Tableau du titre, poids et valeur, des différentes monnaies dór et dárgent, qui circulent dans le com[m]erce : avec empreintes, auquel on a joint diverses tables, tarifs et règles utiles à ceux qui travaillent ou font commerce des matières dór et dárgent ainsi que la Loi du 19 brumaire an 6, relativeà la surveillance du titre et aux droits de garantie, ...","Darier, Hugues","1807","63 (0073)","https://api.digitale-sammlungen.de/iiif/image/v2/bsb10347655_00073/full/full/0/default.jpg","https://rightsstatements.org/page/NoC-NC/1.0/"
"20","020_bsb11034185_64_conf_1.00.png","Statistischer Jahres-Bericht der Central-Commission für die Rhein-Schiffahrt / 1871 (1872)","Zentralkommission für die Rheinschifffahrt","1872","56 (0064)","https://api.digitale-sammlungen.de/iiif/image/v2/bsb11034185_00064/full/full/0/default.jpg","https://rightsstatements.org/page/NoC-NC/1.0/"
"21","021_bsb11507317_58_conf_1.00.png","Statistica del commercio speciale di importazione e di esportazione / 1888, 1. Jan. - 31. Okt.",,"1888","56 (0058)","https://api.digitale-sammlungen.de/iiif/image/v2/bsb11507317_00058/full/full/0/default.jpg","https://rightsstatements.org/page/NoC-NC/1.0/"
"22","022_bsb10214022_67_conf_1.00.png","Tableau général du commerce de la France avec ses colonies et les puissances étrangéres : pendant l'année ... / 1830","Frankreich, Direction Générale des Douanes; Frankreich, Administration des Douanes","1830","p. 67","https://api.digitale-sammlungen.de/iiif/image/v2/bsb10214022_00067/full/full/0/default.jpg","https://rightsstatements.org/page/NoC-NC/1.0/"
"23","023_bsb11034278_46_conf_1.00.png","Statistische Uebersichten über Waaren-Verkehr und Zoll-Ertrag im Deutschen Zoll-Vereine : für das Jahr ... / 1850","Deutscher Zollverein","1850","46 (0046)","https://api.digitale-sammlungen.de/iiif/image/v2/bsb11034278_00046/full/full/0/default.jpg","https://rightsstatements.org/page/NoC-NC/1.0/"
"24","024_bsb10347655_71_conf_1.00.png","Tableau du titre, poids et valeur, des différentes monnaies dór et dárgent, qui circulent dans le com[m]erce : avec empreintes, auquel on a joint diverses tables, tarifs et règles utiles à ceux qui travaillent ou font commerce des matières dór et dárgent ainsi que la Loi du 19 brumaire an 6, relativeà la surveillance du titre et aux droits de garantie, ...","Darier, Hugues","1807","61 (0071)","https://api.digitale-sammlungen.de/iiif/image/v2/bsb10347655_00071/full/full/0/default.jpg","https://rightsstatements.org/page/NoC-NC/1.0/"
"25","025_bsb10214021_69_conf_1.00.png","Tableau général du commerce de la France avec ses colonies et les puissances étrangéres : pendant l'année ... / 1829","Frankreich, Direction Générale des Douanes; Frankreich, Administration des Douanes","1829","p. 69","https://api.digitale-sammlungen.de/iiif/image/v2/bsb10214021_00069/full/full/0/default.jpg","https://rightsstatements.org/page/NoC-NC/1.0/"
"26","026_bsb11507349_92_conf_1.00.png","Statistica del commercio speciale di importazione e di esportazione / 1891, 1. Jan. - 30. Juni",,"1891","90 (0092)","https://api.digitale-sammlungen.de/iiif/image/v2/bsb11507349_00092/full/full/0/default.jpg","https://rightsstatements.org/page/NoC-NC/1.0/"
"27","027_bsb10388394_484_conf_1.00.png","Journal des économistes : revue bimensuelle de la science économique et de la statistique / 18. 1858 = 17 = Année 5",,"1858","480 (0484)","https://api.digitale-sammlungen.de/iiif/image/v2/bsb10388394_00484/full/full/0/default.jpg","https://rightsstatements.org/page/NoC-NC/1.0/"
"28","028_bsb11034297_16_conf_1.00.png","Statistische Uebersichten über Waaren-Verkehr und Zoll-Ertrag im Deutschen Zoll-Vereine : für das Jahr ... / 1856","Deutscher Zollverein","1856","16 (0016)","https://api.digitale-sammlungen.de/iiif/image/v2/bsb11034297_00016/full/full/0/default.jpg","https://rightsstatements.org/page/NoC-NC/1.0/"
"29","029_bsb11034283_28_conf_1.00.png","Statistische Uebersichten über Waaren-Verkehr und Zoll-Ertrag im Deutschen Zoll-Vereine : für das Jahr ... / 1855","Deutscher Zollverein","1855","28 (0028)","https://api.digitale-sammlungen.de/iiif/image/v2/bsb11034283_00028/full/full/0/default.jpg","https://rightsstatements.org/page/NoC-NC/1.0/"
"30","030_bsb11034289_28_conf_1.00.png","Statistische Uebersichten über Waaren-Verkehr und Zoll-Ertrag im Deutschen Zoll-Vereine : für das Jahr ... / 1848","Deutscher Zollverein","1848","28 (0028)","https://api.digitale-sammlungen.de/iiif/image/v2/bsb11034289_00028/full/full/0/default.jpg","https://rightsstatements.org/page/NoC-NC/1.0/"
"31","031_bsb10227613_48_conf_1.00.png","Lijst der regten op den in-uit-en doorvoer, geheven wordende van alle goederen, waren en Koopmanschappen in het Koningrijk der Nederlanden : Met eene aanwijzingstafel in de fransche taal","Veldman, G.","1828","(0048)","https://api.digitale-sammlungen.de/iiif/image/v2/bsb10227613_00048/full/full/0/default.jpg","https://rightsstatements.org/page/NoC-NC/1.0/"
"32","032_bsb11508175_51_conf_1.00.png","Statistika na Knjažestvoto Bălgarija. Vănšna tărgovija na knjažestvoto = Commerce extérieur de la principauté / 1880/81 (1883)","Bulgarien","1883","39 (0051)","https://api.digitale-sammlungen.de/iiif/image/v2/bsb11508175_00051/full/full/0/default.jpg","https://rightsstatements.org/page/NoC-NC/1.0/"
"33","033_bsb11507322_62_conf_1.00.png","Statistica del commercio speciale di importazione e di esportazione / 1889, 1. Jan. - 31. März",,"1889","60 (0062)","https://api.digitale-sammlungen.de/iiif/image/v2/bsb11507322_00062/full/full/0/default.jpg","https://rightsstatements.org/page/NoC-NC/1.0/"
"34","034_bsb11507333_16_conf_1.00.png","Statistica del commercio speciale di importazione e di esportazione / 1890, 1. Jan. - 28. Febr.",,"1890","14 (0016)","https://api.digitale-sammlungen.de/iiif/image/v2/bsb11507333_00016/full/full/0/default.jpg","https://rightsstatements.org/page/NoC-NC/1.0/"
"35","035_bsb11507319_71_conf_1.00.png","Statistica del commercio speciale di importazione e di esportazione / 1888, 1. Jan. - 31. Dez.",,"1888","69 (0071)","https://api.digitale-sammlungen.de/iiif/image/v2/bsb11507319_00071/full/full/0/default.jpg","https://rightsstatements.org/page/NoC-NC/1.0/"
"36","036_bsb11355829_17_conf_1.00.png","Bulletin de statistique et de législation comparée / 1. 1877,4 = Apr.","Frankreich, Ministère des finances","1877","207 (0017)","https://api.digitale-sammlungen.de/iiif/image/v2/bsb11355829_00017/full/full/0/default.jpg","https://rightsstatements.org/page/NoC-NC/1.0/"
"37","037_bsb11034185_49_conf_1.00.png","Statistischer Jahres-Bericht der Central-Commission für die Rhein-Schiffahrt / 1871 (1872)","Zentralkommission für die Rheinschifffahrt","1872","41 (0049)","https://api.digitale-sammlungen.de/iiif/image/v2/bsb11034185_00049/full/full/0/default.jpg","https://rightsstatements.org/page/NoC-NC/1.0/"
"38","038_bsb10292389_157_conf_1.00.png","Ueber Hamburgs Handel / 3 : Statistik des Hamburgischen Handels : 1842. 1843. 1844.","Soetbeer, Adolf","1846","149 (0157)","https://api.digitale-sammlungen.de/iiif/image/v2/bsb10292389_00157/full/full/0/default.jpg","https://rightsstatements.org/page/NoC-NC/1.0/"
"39","039_bsb11507314_17_conf_1.00.png","Statistica del commercio speciale di importazione e di esportazione / 1888, 1. Jan. - 31. Juli",,"1888","15 (0017)","https://api.digitale-sammlungen.de/iiif/image/v2/bsb11507314_00017/full/full/0/default.jpg","https://rightsstatements.org/page/NoC-NC/1.0/"
"40","040_bsb11034285_39_conf_1.00.png","Statistische Uebersichten über Waaren-Verkehr und Zoll-Ertrag im Deutschen Zoll-Vereine : für das Jahr ... / 1857","Deutscher Zollverein","1857","39 (0039)","https://api.digitale-sammlungen.de/iiif/image/v2/bsb11034285_00039/full/full/0/default.jpg","https://rightsstatements.org/page/NoC-NC/1.0/"
"41","041_bsb11507348_87_conf_1.00.png","Statistica del commercio speciale di importazione e di esportazione / 1891, 1. Jan. - 31. Mai",,"1891","85 (0087)","https://api.digitale-sammlungen.de/iiif/image/v2/bsb11507348_00087/full/full/0/default.jpg","https://rightsstatements.org/page/NoC-NC/1.0/"
"42","042_bsb11355807_306_conf_1.00.png","Jahrbücher für Nationalökonomie und Statistik : = Journal of economics and statistics / 29. 1877",,"1877","298 (0306)","https://api.digitale-sammlungen.de/iiif/image/v2/bsb11355807_00306/full/full/0/default.jpg","https://rightsstatements.org/page/NoC-NC/1.0/"
"43","043_bsb11507311_49_conf_1.00.png","Statistica del commercio speciale di importazione e di esportazione / 1888, 1. Jan. - 30. Apr.",,"1888","45 (0049)","https://api.digitale-sammlungen.de/iiif/image/v2/bsb11507311_00049/full/full/0/default.jpg","https://rightsstatements.org/page/NoC-NC/1.0/"
"44","044_bsb11507320_102_conf_1.00.png","Statistica del commercio speciale di importazione e di esportazione / 1889, 1. - 31. Jan.",,"1889","100 (0102)","https://api.digitale-sammlungen.de/iiif/image/v2/bsb11507320_00102/full/full/0/default.jpg","https://rightsstatements.org/page/NoC-NC/1.0/"
"45","045_bsb11034287_49_conf_1.00.png","Statistische Uebersichten über Waaren-Verkehr und Zoll-Ertrag im Deutschen Zoll-Vereine. Nummer 2, Uebersicht des Waaren-Einganges auf dem Rhein und der Mosel : für das Jahr ... / 1859","Deutscher Zollverein","1859","49 (0049)","https://api.digitale-sammlungen.de/iiif/image/v2/bsb11034287_00049/full/full/0/default.jpg","https://rightsstatements.org/page/NoC-NC/1.0/"
"46","046_bsb10227654_22_conf_1.00.png","Johann Christian Ludewig Wernicke practische Frachttabellen zum bequemen und nüzlichen Gebrauch für die Herren Spediteurs und Güterbestätiger aufs genaueste und accurateste berechnet","Wernicke, Johann Christian Ludwig","1771","33 (0022)","https://api.digitale-sammlungen.de/iiif/image/v2/bsb10227654_00022/full/full/0/default.jpg","https://rightsstatements.org/page/NoC-NC/1.0/"
"47","047_bsb10347657_79_conf_1.00.png","État des pensions du Département de la Marine : accordées depuis la formation du tableau arrêté au ... jusqu'au ... / 1819/20 = 4 (1821)","Frankreich, Ministère de la Marine et des Colonies","1821","73 (0079)","https://api.digitale-sammlungen.de/iiif/image/v2/bsb10347657_00079/full/full/0/default.jpg","https://rightsstatements.org/page/NoC-NC/1.0/"
"48","048_bsb11507349_76_conf_1.00.png","Statistica del commercio speciale di importazione e di esportazione / 1891, 1. Jan. - 30. Juni",,"1891","74 (0076)","https://api.digitale-sammlungen.de/iiif/image/v2/bsb11507349_00076/full/full/0/default.jpg","https://rightsstatements.org/page/NoC-NC/1.0/"
"49","049_bsb10227716_44_conf_1.00.png","Die Geldlehre oder Erklärung des Rechnungs-, Silber-, Gold- und Papier-Geldes aller Länder Europas und der bedeutendsten Handelsplätze der übrigen Welttheile und dessen Werth in Preußischen Kurant, wie auch in Gulden und Krtz. des 24-1/2-Fl.- u. 20-Fl.-Fß. : nebst Tabellen über die in Deutschland üblichen Maße und Gewichte ; ein Handbuch für Kaufleute und Geschäftstreibende","Schellenberg, Otto","1844","50 (0044)","https://api.digitale-sammlungen.de/iiif/image/v2/bsb10227716_00044/full/full/0/default.jpg","https://rightsstatements.org/page/NoC-NC/1.0/"
"50","050_bsb11034271_16_conf_1.00.png","Statistische Uebersichten über Waaren-Verkehr und Zoll-Ertrag im Deutschen Zoll-Vereine : für das Jahr ... / 1856","Deutscher Zollverein","1856","16 (0016)","https://api.digitale-sammlungen.de/iiif/image/v2/bsb11034271_00016/full/full/0/default.jpg","https://rightsstatements.org/page/NoC-NC/1.0/"
"51","051_bsb11507315_32_conf_1.00.png","Statistica del commercio speciale di importazione e di esportazione / 1888, 1. Jan. - 31. Aug.",,"1888","30 (0032)","https://api.digitale-sammlungen.de/iiif/image/v2/bsb11507315_00032/full/full/0/default.jpg","https://rightsstatements.org/page/NoC-NC/1.0/"
"52","052_bsb11034273_36_conf_1.00.png","Statistische Uebersichten über Waaren-Verkehr und Zoll-Ertrag im Deutschen Zoll-Vereine. Nummer 6, Übersicht der Waaren-Mengen und sonstigen Gegenstände, wofür in den einzelnen Hauptamtsbezirken des Gesammt-Zollvereins im Jahre ... Durchgangs-Abgaben erhoben worden sind / 1858","Deutscher Zollverein","1858","36 (0036)","https://api.digitale-sammlungen.de/iiif/image/v2/bsb11034273_00036/full/full/0/default.jpg","https://rightsstatements.org/page/NoC-NC/1.0/"
"53","053_bsb10388362_426_conf_1.00.png","Jahrbücher für Nationalökonomie und Statistik : = Journal of economics and statistics / 12. 1869",,"1869","418 (0426)","https://api.digitale-sammlungen.de/iiif/image/v2/bsb10388362_00426/full/full/0/default.jpg","https://rightsstatements.org/page/NoC-NC/1.0/"
"54","054_bsb11355807_300_conf_1.00.png","Jahrbücher für Nationalökonomie und Statistik : = Journal of economics and statistics / 29. 1877",,"1877","292 (0300)","https://api.digitale-sammlungen.de/iiif/image/v2/bsb11355807_00300/full/full/0/default.jpg","https://rightsstatements.org/page/NoC-NC/1.0/"
"55","055_bsb11034289_21_conf_1.00.png","Statistische Uebersichten über Waaren-Verkehr und Zoll-Ertrag im Deutschen Zoll-Vereine : für das Jahr ... / 1848","Deutscher Zollverein","1848","21 (0021)","https://api.digitale-sammlungen.de/iiif/image/v2/bsb11034289_00021/full/full/0/default.jpg","https://rightsstatements.org/page/NoC-NC/1.0/"
"56","056_bsb11034288_37_conf_1.00.png","Statistische Uebersichten über Waaren-Verkehr und Zoll-Ertrag im Deutschen Zoll-Vereine. Nummer 2, Uebersicht des Waaren-Einganges auf dem Rhein und der Mosel : für das Jahr ... / 1860","Deutscher Zollverein","1860","37 (0037)","https://api.digitale-sammlungen.de/iiif/image/v2/bsb11034288_00037/full/full/0/default.jpg","https://rightsstatements.org/page/NoC-NC/1.0/"
"57","057_bsb10292389_121_conf_1.00.png","Ueber Hamburgs Handel / 3 : Statistik des Hamburgischen Handels : 1842. 1843. 1844.","Soetbeer, Adolf","1846","113 (0121)","https://api.digitale-sammlungen.de/iiif/image/v2/bsb10292389_00121/full/full/0/default.jpg","https://rightsstatements.org/page/NoC-NC/1.0/"
"58","058_bsb11034273_34_conf_1.00.png","Statistische Uebersichten über Waaren-Verkehr und Zoll-Ertrag im Deutschen Zoll-Vereine. Nummer 6, Übersicht der Waaren-Mengen und sonstigen Gegenstände, wofür in den einzelnen Hauptamtsbezirken des Gesammt-Zollvereins im Jahre ... Durchgangs-Abgaben erhoben worden sind / 1858","Deutscher Zollverein","1858","34 (0034)","https://api.digitale-sammlungen.de/iiif/image/v2/bsb11034273_00034/full/full/0/default.jpg","https://rightsstatements.org/page/NoC-NC/1.0/"
"59","059_bsb11039513_302_conf_1.00.png","Jahrbücher für Nationalökonomie und Statistik : = Journal of economics and statistics / 17. 1871",,"1871","(0302)","https://api.digitale-sammlungen.de/iiif/image/v2/bsb11039513_00302/full/full/0/default.jpg","https://rightsstatements.org/page/NoC-NC/1.0/"
"60","060_bsb11034282_11_conf_1.00.png","Statistische Uebersichten über Waaren-Verkehr und Zoll-Ertrag im Deutschen Zoll-Vereine : für das Jahr ... / 1854","Deutscher Zollverein","1854","11 (0011)","https://api.digitale-sammlungen.de/iiif/image/v2/bsb11034282_00011/full/full/0/default.jpg","https://rightsstatements.org/page/NoC-NC/1.0/"
"61","061_bsb10290810_162_conf_1.00.png","History of the rise and progress of the iron trade of the United States from 1621 to 1857 : With numerous statistical tables, relating to the manufacture, importation, exportation, and prices of iron for more than a century","French, B. F.","1858","140 (0162)","https://api.digitale-sammlungen.de/iiif/image/v2/bsb10290810_00162/full/full/0/default.jpg","https://rightsstatements.org/page/NoC-NC/1.0/"
"62","062_bsb11507342_30_conf_1.00.png","Statistica del commercio speciale di importazione e di esportazione / 1890, 1. Jan. - 30. Nov.",,"1890","28 (0030)","https://api.digitale-sammlungen.de/iiif/image/v2/bsb11507342_00030/full/full/0/default.jpg","https://rightsstatements.org/page/NoC-NC/1.0/"
"63","063_bsb11314048_289_conf_1.00.png","Jahrbücher für Nationalökonomie und Statistik : = Journal of economics and statistics / 25. 1875",,"1875","275 (0289)","https://api.digitale-sammlungen.de/iiif/image/v2/bsb11314048_00289/full/full/0/default.jpg","https://rightsstatements.org/page/NoC-NC/1.0/"
"64","064_bsb11576852_129_conf_1.00.png","Archiv für soziale Gesetzgebung und Statistik : Zeitschr. zur Erforschung d. gesellschaftl. Zustände aller Länder / 6. 1893",,"1893","113 (0129)","https://api.digitale-sammlungen.de/iiif/image/v2/bsb11576852_00129/full/full/0/default.jpg","https://rightsstatements.org/page/NoC-NC/1.0/"
"65","065_bsb10388353_95_conf_1.00.png","Jahrbücher für Nationalökonomie und Statistik : = Journal of economics and statistics / 4. 1865",,"1865","(0095)","https://api.digitale-sammlungen.de/iiif/image/v2/bsb10388353_00095/full/full/0/default.jpg","https://rightsstatements.org/page/NoC-NC/1.0/"
"66","066_bsb11034185_88_conf_1.00.png","Statistischer Jahres-Bericht der Central-Commission für die Rhein-Schiffahrt / 1871 (1872)","Zentralkommission für die Rheinschifffahrt","1872","80 (0088)","https://api.digitale-sammlungen.de/iiif/image/v2/bsb11034185_00088/full/full/0/default.jpg","https://rightsstatements.org/page/NoC-NC/1.0/"
"67","067_bsb11034282_12_conf_1.00.png","Statistische Uebersichten über Waaren-Verkehr und Zoll-Ertrag im Deutschen Zoll-Vereine : für das Jahr ... / 1854","Deutscher Zollverein","1854","12 (0012)","https://api.digitale-sammlungen.de/iiif/image/v2/bsb11034282_00012/full/full/0/default.jpg","https://rightsstatements.org/page/NoC-NC/1.0/"
"68","068_bsb11034276_36_conf_1.00.png","Statistische Uebersichten über Waaren-Verkehr und Zoll-Ertrag im Deutschen Zoll-Vereine : für das Jahr ... / 1848","Deutscher Zollverein","1848","38 (0036)","https://api.digitale-sammlungen.de/iiif/image/v2/bsb11034276_00036/full/full/0/default.jpg","https://rightsstatements.org/page/NoC-NC/1.0/"
"69","069_bsb11328180_124_conf_1.00.png","Nachrichten über Industrie, Handel und Verkehr aus dem Statistischen Departement im K.K. Handelsministerium / 8. 1875 (1876), H. 3","Österreich, Handelsministerium","1876","108 (0124)","https://api.digitale-sammlungen.de/iiif/image/v2/bsb11328180_00124/full/full/0/default.jpg","https://rightsstatements.org/page/NoC-NC/1.0/"
"70","070_bsb10291480_399_conf_1.00.png","Kaufmännische Berichte, gesammelt auf einer Reise um die Welt mit der Kriegs-Corvette Galathea in den Jahren 1845, 46 und 47 : Ein Handbuch für Handels- u. Gewerbs-Statistik","Nopitsch, Wilhelm Hermann","1849","375 (0399)","https://api.digitale-sammlungen.de/iiif/image/v2/bsb10291480_00399/full/full/0/default.jpg","https://rightsstatements.org/page/NoC-NC/1.0/"
"71","071_bsb11507329_93_conf_1.00.png","Statistica del commercio speciale di importazione e di esportazione / 1889, 1. Jan. - 31. Okt.",,"1889","91 (0093)","https://api.digitale-sammlungen.de/iiif/image/v2/bsb11507329_00093/full/full/0/default.jpg","https://rightsstatements.org/page/NoC-NC/1.0/"
"72","072_bsb11507330_48_conf_1.00.png","Statistica del commercio speciale di importazione e di esportazione / 1889, 1. Jan. - 30. Nov.",,"1889","46 (0048)","https://api.digitale-sammlungen.de/iiif/image/v2/bsb11507330_00048/full/full/0/default.jpg","https://rightsstatements.org/page/NoC-NC/1.0/"
"73","073_bsb10213928_25_conf_1.00.png","Rechen-Tabellen zur bequemen Ausmittelung der, nach dem Zoll- und Verbrauchs-Steuer-Tarif vom 26. May 1818, für sämtliche Königl. Preuß. Provinzen zu entrichtenden Abgaben : nebst Beifügung des Tarifs selbst","Hauchecorne, W.","1818","(0025)","https://api.digitale-sammlungen.de/iiif/image/v2/bsb10213928_00025/full/full/0/default.jpg","https://rightsstatements.org/vocab/NoC-NC/1.0/"
"74","074_bsb10292389_313_conf_1.00.png","Ueber Hamburgs Handel / 3 : Statistik des Hamburgischen Handels : 1842. 1843. 1844.","Soetbeer, Adolf","1846","(0313)","https://api.digitale-sammlungen.de/iiif/image/v2/bsb10292389_00313/full/full/0/default.jpg","https://rightsstatements.org/page/NoC-NC/1.0/"
"75","075_bsb10228034_53_conf_1.00.png","Das österreichische Tabak-Monopol seit dessen Ausdehnung auf das gesammte Staatsgebiet : Ein Beitrag zur Statistik des Tabak-Monopols","Plenker, Georg Ritter von","1857","49 (0053)","https://api.digitale-sammlungen.de/iiif/image/v2/bsb10228034_00053/full/full/0/default.jpg","https://rightsstatements.org/page/NoC-NC/1.0/"
"76","076_bsb10228053_76_conf_1.00.png","Genikos pinax tu exōteriku emporiu tēs Ellados : = Tableau général du commerce de la Grèce avec les nations étrangères / 1858 (1859)",,"1859","56 (0076)","https://api.digitale-sammlungen.de/iiif/image/v2/bsb10228053_00076/full/full/0/default.jpg","https://rightsstatements.org/page/NoC-NC/1.0/"
"77","077_bsb10227603_13_conf_1.00.png","Tabellarische Übersichten des hamburgischen Handels / 1851","Hamburg, Handelsstatistisches Bureau","1851","9 (0013)","https://api.digitale-sammlungen.de/iiif/image/v2/bsb10227603_00013/full/full/0/default.jpg","https://rightsstatements.org/page/NoC-NC/1.0/"
"78","078_bsb10942937_2_conf_1.00.png","Übersichts-Tabelle der Ein-, Aus- und Durchfuhr : im Jahr ... / 1873","Schweiz","1873","2 (0002)","https://api.digitale-sammlungen.de/iiif/image/v2/bsb10942937_00002/full/full/0/default.jpg","https://rightsstatements.org/page/NoC-NC/1.0/"
"79","079_bsb11011412_39_conf_1.00.png","Tabellen zur Umwandlung des bayr. Längen-, Flächen- & Körpermases in das Metermas und umgekehrt sammt den Preisverwandlungen für Brandversicherungstaxatoren und Bauhandwerker","Ziebland, G.","1872","37 (0039)","https://api.digitale-sammlungen.de/iiif/image/v2/bsb11011412_00039/full/full/0/default.jpg","https://rightsstatements.org/page/NoC-NC/1.0/"
"80","080_bsb11034287_20_conf_1.00.png","Statistische Uebersichten über Waaren-Verkehr und Zoll-Ertrag im Deutschen Zoll-Vereine. Nummer 2, Uebersicht des Waaren-Einganges auf dem Rhein und der Mosel : für das Jahr ... / 1859","Deutscher Zollverein","1859","20 (0020)","https://api.digitale-sammlungen.de/iiif/image/v2/bsb11034287_00020/full/full/0/default.jpg","https://rightsstatements.org/page/NoC-NC/1.0/"
"81","081_bsb11507403_37_conf_1.00.png","Statistica del commercio speciale di importazione e di esportazione / 1895, 1. Jan. - 31. Dez.",,"1895","35 (0037)","https://api.digitale-sammlungen.de/iiif/image/v2/bsb11507403_00037/full/full/0/default.jpg","https://rightsstatements.org/page/NoC-NC/1.0/"
"82","082_bsb11039513_304_conf_1.00.png","Jahrbücher für Nationalökonomie und Statistik : = Journal of economics and statistics / 17. 1871",,"1871","(0304)","https://api.digitale-sammlungen.de/iiif/image/v2/bsb11039513_00304/full/full/0/default.jpg","https://rightsstatements.org/page/NoC-NC/1.0/"
"83","083_bsb10624158_78_conf_1.00.png","Statistische Uebersichten über Waaren-Verkehr und Zoll-Ertrag im Deutschen Zoll-Vereine. Nummer 8, Haupt-Uebersicht des Gesammt-Handels des Zoll-Vereins und der einzelnen Zoll-Vereins-Staaten : für das Jahr ... / 1865","Deutscher Zollverein","1865","6 (0078)","https://api.digitale-sammlungen.de/iiif/image/v2/bsb10624158_00078/full/full/0/default.jpg","https://rightsstatements.org/page/NoC-NC/1.0/"
"84","084_bsb11508046_26_conf_1.00.png","Beiträge zur Statistik des Rigaschen Handels. 2. Abtheilung, Rigas Handelsverkehr auf den Eisenbahnen / 1890 (1892)",,"1892","12 (0026)","https://api.digitale-sammlungen.de/iiif/image/v2/bsb11508046_00026/full/full/0/default.jpg","https://rightsstatements.org/page/NoC-NC/1.0/"
"85","085_bsb11328180_103_conf_1.00.png","Nachrichten über Industrie, Handel und Verkehr aus dem Statistischen Departement im K.K. Handelsministerium / 8. 1875 (1876), H. 3","Österreich, Handelsministerium","1876","87 (0103)","https://api.digitale-sammlungen.de/iiif/image/v2/bsb11328180_00103/full/full/0/default.jpg","https://rightsstatements.org/page/NoC-NC/1.0/"
"86","086_bsb10388945_21_conf_1.00.png","Annales des travaux des sociétés de statistique établies en France et à l'étranger / 6. 1830","Société Française de Statistique Universelle","1830","21 (0021)","https://api.digitale-sammlungen.de/iiif/image/v2/bsb10388945_00021/full/full/0/default.jpg","https://rightsstatements.org/page/NoC-NC/1.0/"
"87","087_bsb11507317_40_conf_1.00.png","Statistica del commercio speciale di importazione e di esportazione / 1888, 1. Jan. - 31. Okt.",,"1888","38 (0040)","https://api.digitale-sammlungen.de/iiif/image/v2/bsb11507317_00040/full/full/0/default.jpg","https://rightsstatements.org/page/NoC-NC/1.0/"
"88","088_bsb11576996_164_conf_1.00.png","Jahrbücher für Nationalökonomie und Statistik : = Journal of economics and statistics / 42 = N.F., Bd. 8. 1884",,"1884","154 (0164)","https://api.digitale-sammlungen.de/iiif/image/v2/bsb11576996_00164/full/full/0/default.jpg","https://rightsstatements.org/page/NoC-NC/1.0/"
"89","089_bsb11034285_15_conf_1.00.png","Statistische Uebersichten über Waaren-Verkehr und Zoll-Ertrag im Deutschen Zoll-Vereine : für das Jahr ... / 1857","Deutscher Zollverein","1857","15 (0015)","https://api.digitale-sammlungen.de/iiif/image/v2/bsb11034285_00015/full/full/0/default.jpg","https://rightsstatements.org/page/NoC-NC/1.0/"
"90","090_bsb11187722_35_conf_1.00.png","Reductions-Tabelle von Reichsmark in Preussisch Courant, Süddeutsche Gulden- und Franken-Währung sowie umgekehrt zum Verhältniss von 3 Mark = 1 Rthlr. = 1 Gulden 45 Kreuzer = 3 Franken 75 Centimes bearbeitet von F. Trenkhorst und R. Telschow","Trenkhorst, F.","1874","31 (0035)","https://api.digitale-sammlungen.de/iiif/image/v2/bsb11187722_00035/full/full/0/default.jpg","https://rightsstatements.org/page/NoC-NC/1.0/"
"91","091_bsb11034280_10_conf_1.00.png","Statistische Uebersichten über Waaren-Verkehr und Zoll-Ertrag im Deutschen Zoll-Vereine : für das Jahr ... / 1852","Deutscher Zollverein","1852","10 (0010)","https://api.digitale-sammlungen.de/iiif/image/v2/bsb11034280_00010/full/full/0/default.jpg","https://rightsstatements.org/page/NoC-NC/1.0/"
"92","092_bsb11507315_81_conf_1.00.png","Statistica del commercio speciale di importazione e di esportazione / 1888, 1. Jan. - 31. Aug.",,"1888","79 (0081)","https://api.digitale-sammlungen.de/iiif/image/v2/bsb11507315_00081/full/full/0/default.jpg","https://rightsstatements.org/page/NoC-NC/1.0/"
"93","093_bsb11507405_27_conf_1.00.png","Statistique de la navigation par le canal de Suez / 1881 (1883)",,"1883","17 (0027)","https://api.digitale-sammlungen.de/iiif/image/v2/bsb11507405_00027/full/full/0/default.jpg","https://rightsstatements.org/page/NoC-NC/1.0/"
"94","094_bsb11314047_238_conf_1.00.png","Jahrbücher für Nationalökonomie und Statistik : = Journal of economics and statistics / 24. 1875",,"1875","230 (0238)","https://api.digitale-sammlungen.de/iiif/image/v2/bsb11314047_00238/full/full/0/default.jpg","https://rightsstatements.org/page/NoC-NC/1.0/"
"95","095_bsb11034451_157_conf_1.00.png","Ergebnisse der Rigaer Handelsstatistik : aus d. Jahren ... / 1876/80 (1882)",,"1882","87 (0157)","https://api.digitale-sammlungen.de/iiif/image/v2/bsb11034451_00157/full/full/0/default.jpg","https://rightsstatements.org/page/NoC-NC/1.0/"
"96","096_bsb11507347_91_conf_1.00.png","Statistica del commercio speciale di importazione e di esportazione / 1891, 1. Jan. - 30. Apr.",,"1891","89 (0091)","https://api.digitale-sammlungen.de/iiif/image/v2/bsb11507347_00091/full/full/0/default.jpg","https://rightsstatements.org/page/NoC-NC/1.0/"
"97","097_bsb11507329_24_conf_1.00.png","Statistica del commercio speciale di importazione e di esportazione / 1889, 1. Jan. - 31. Okt.",,"1889","22 (0024)","https://api.digitale-sammlungen.de/iiif/image/v2/bsb11507329_00024/full/full/0/default.jpg","https://rightsstatements.org/page/NoC-NC/1.0/"
"98","098_bsb11507312_8_conf_1.00.png","Statistica del commercio speciale di importazione e di esportazione / 1888, 1. Jan. - 31. Mai",,"1888","6 (0008)","https://api.digitale-sammlungen.de/iiif/image/v2/bsb11507312_00008/full/full/0/default.jpg","https://rightsstatements.org/page/NoC-NC/1.0/"
"99","099_bsb11039513_266_conf_1.00.png","Jahrbücher für Nationalökonomie und Statistik : = Journal of economics and statistics / 17. 1871",,"1871","252 (0266)","https://api.digitale-sammlungen.de/iiif/image/v2/bsb11039513_00266/full/full/0/default.jpg","https://rightsstatements.org/page/NoC-NC/1.0/"
"100","100_bsb11507403_50_conf_1.00.png","Statistica del commercio speciale di importazione e di esportazione / 1895, 1. Jan. - 31. Dez.",,"1895","48 (0050)","https://api.digitale-sammlungen.de/iiif/image/v2/bsb11507403_00050/full/full/0/default.jpg","https://rightsstatements.org/page/NoC-NC/1.0/"
"101","101_bsb10347657_60_conf_1.00.png","État des pensions du Département de la Marine : accordées depuis la formation du tableau arrêté au ... jusqu'au ... / 1819/20 = 4 (1821)","Frankreich, Ministère de la Marine et des Colonies","1821","54 (0060)","https://api.digitale-sammlungen.de/iiif/image/v2/bsb10347657_00060/full/full/0/default.jpg","https://rightsstatements.org/page/NoC-NC/1.0/"
"102","102_bsb11507332_14_conf_1.00.png","Statistica del commercio speciale di importazione e di esportazione / 1890, 1. - 31. Jan.",,"1890","12 (0014)","https://api.digitale-sammlungen.de/iiif/image/v2/bsb11507332_00014/full/full/0/default.jpg","https://rightsstatements.org/page/NoC-NC/1.0/"
"103","103_bsb11034295_3_conf_1.00.png","Statistische Uebersichten über Waaren-Verkehr und Zoll-Ertrag im Deutschen Zoll-Vereine : für das Jahr ... / 1854","Deutscher Zollverein","1854","3 (0003)","https://api.digitale-sammlungen.de/iiif/image/v2/bsb11034295_00003/full/full/0/default.jpg","https://rightsstatements.org/page/NoC-NC/1.0/"
"104","104_bsb10290796_26_conf_1.00.png","Ausführliche Rechnungs-Tabellen über die Erhebung der Ein-, Aus- und Durchgangs-Abgaben in d. K. preuß. und der mit dessen Zollsystem verbund. Staaten","Förster, Heinrich","1829","22 (0026)","https://api.digitale-sammlungen.de/iiif/image/v2/bsb10290796_00026/full/full/0/default.jpg","https://rightsstatements.org/page/NoC-NC/1.0/"
"105","105_bsb10388390_348_conf_1.00.png","Journal des économistes : revue bimensuelle de la science économique et de la statistique / 14. 1857 = 16 = Année 4",,"1857","344 (0348)","https://api.digitale-sammlungen.de/iiif/image/v2/bsb10388390_00348/full/full/0/default.jpg","https://rightsstatements.org/page/NoC-NC/1.0/"
"106","106_bsb11034275_56_conf_1.00.png","Statistische Uebersichten über Waaren-Verkehr und Zoll-Ertrag im Deutschen Zoll-Vereine. Nummer 6, Übersicht der Waaren-Mengen und sonstigen Gegenstände, wofür in den einzelnen Hauptamtsbezirken des Gesammt-Zollvereins im Jahre ... Durchgangs-Abgaben erhoben worden sind / 1860","Deutscher Zollverein","1860","56 (0056)","https://api.digitale-sammlungen.de/iiif/image/v2/bsb11034275_00056/full/full/0/default.jpg","https://rightsstatements.org/page/NoC-NC/1.0/"
"107","107_bsb11034292_3_conf_1.00.png","Statistische Uebersichten über Waaren-Verkehr und Zoll-Ertrag im Deutschen Zoll-Vereine : für das Jahr ... / 1851","Deutscher Zollverein","1851","3 (0003)","https://api.digitale-sammlungen.de/iiif/image/v2/bsb11034292_00003/full/full/0/default.jpg","https://rightsstatements.org/page/NoC-NC/1.0/"
"108","108_bsb10227713_25_conf_1.00.png","Tabelle zur Berechnung der Zinsen von 1 Silbengroschen bis 100 Thaler für einen Tag bis zu einem Jahr","Jacobi, ...","1842","23 (0025)","https://api.digitale-sammlungen.de/iiif/image/v2/bsb10227713_00025/full/full/0/default.jpg","https://rightsstatements.org/page/NoC-NC/1.0/"
"109","109_bsb11021596_206_conf_1.00.png","John Pinkerton's Abhandlung von der Seltenheit, den verschiedenen Größen, und der Nachahmung alter Münzen : Ebendesselben tabellarische Uebersicht von dem Grade der Seltenheit der Münzen alter Völker, Städte, Könige und Röm. Kaiser","Pinkerton, John","1795","VIII (0206)","https://api.digitale-sammlungen.de/iiif/image/v2/bsb11021596_00206/full/full/0/default.jpg","https://rightsstatements.org/page/NoC-NC/1.0/"
"110","110_bsb11507403_30_conf_1.00.png","Statistica del commercio speciale di importazione e di esportazione / 1895, 1. Jan. - 31. Dez.",,"1895","28 (0030)","https://api.digitale-sammlungen.de/iiif/image/v2/bsb11507403_00030/full/full/0/default.jpg","https://rightsstatements.org/page/NoC-NC/1.0/"
"111","111_bsb11034297_29_conf_1.00.png","Statistische Uebersichten über Waaren-Verkehr und Zoll-Ertrag im Deutschen Zoll-Vereine : für das Jahr ... / 1856","Deutscher Zollverein","1856","29 (0029)","https://api.digitale-sammlungen.de/iiif/image/v2/bsb11034297_00029/full/full/0/default.jpg","https://rightsstatements.org/page/NoC-NC/1.0/"
"112","112_bsb11034283_21_conf_1.00.png","Statistische Uebersichten über Waaren-Verkehr und Zoll-Ertrag im Deutschen Zoll-Vereine : für das Jahr ... / 1855","Deutscher Zollverein","1855","21 (0021)","https://api.digitale-sammlungen.de/iiif/image/v2/bsb11034283_00021/full/full/0/default.jpg","https://rightsstatements.org/page/NoC-NC/1.0/"
"113","113_bsb11034294_23_conf_1.00.png","Statistische Uebersichten über Waaren-Verkehr und Zoll-Ertrag im Deutschen Zoll-Vereine : für das Jahr ... / 1853","Deutscher Zollverein","1853","23 (0023)","https://api.digitale-sammlungen.de/iiif/image/v2/bsb11034294_00023/full/full/0/default.jpg","https://rightsstatements.org/page/NoC-NC/1.0/"
"114","114_bsb11034315_4_conf_1.00.png","Statistische Uebersichten über Waaren-Verkehr und Zoll-Ertrag im Deutschen Zoll-Vereine : für das Jahr ... / 1848","Deutscher Zollverein","1848","4 (0004)","https://api.digitale-sammlungen.de/iiif/image/v2/bsb11034315_00004/full/full/0/default.jpg","https://rightsstatements.org/page/NoC-NC/1.0/"
"115","115_bsb10942937_35_conf_1.00.png","Übersichts-Tabelle der Ein-, Aus- und Durchfuhr : im Jahr ... / 1873","Schweiz","1873","35 (0035)","https://api.digitale-sammlungen.de/iiif/image/v2/bsb10942937_00035/full/full/0/default.jpg","https://rightsstatements.org/page/NoC-NC/1.0/"
"116","116_bsb10291251_119_conf_1.00.png","Essai sur l'appréciation de la fortune privée au moyen age, relativement aux variations des valeurs monétaires et du pouvoir commercial de l'argent: suivi d'un examen critique des tables de prix du marc d'argent, depuis l'époque des St. Louis","Leber, C.","1847","103 (0119)","https://api.digitale-sammlungen.de/iiif/image/v2/bsb10291251_00119/full/full/0/default.jpg","https://rightsstatements.org/page/NoC-NC/1.0/"
"117","117_bsb11507325_87_conf_1.00.png","Statistica del commercio speciale di importazione e di esportazione / 1889, 1. Jan. - 30. Juni",,"1889","85 (0087)","https://api.digitale-sammlungen.de/iiif/image/v2/bsb11507325_00087/full/full/0/default.jpg","https://rightsstatements.org/page/NoC-NC/1.0/"
"118","118_bsb11507341_91_conf_1.00.png","Statistica del commercio speciale di importazione e di esportazione / 1890, 1. Jan. - 31. Okt.",,"1890","89 (0091)","https://api.digitale-sammlungen.de/iiif/image/v2/bsb11507341_00091/full/full/0/default.jpg","https://rightsstatements.org/page/NoC-NC/1.0/"
"119","119_bsb10311813_135_conf_1.00.png","Ueber allgemeines Maas und Gewicht aus den Forderungen der Natur, des Handels, der Polizey und der gegenwärtigen noch üblichen Maase und Gewichte abgeleitet : mit Vorschlägen zu mittleren Maasen und Gewichten und zu Münzen in leichtfaßlichen Verhältnissen mit den metrischen, unter vorzüglicher Rücksicht und Anwendung auf rheinische Lande / 1 : Erster Theil mit einem Titelkupfer und der Abbildung des vorgeschlagenen Fußmaases in natürlicher Größe, nebst drey Maassystemtabellen","Wild, Michael Friedrich","1815","109 (0135)","https://api.digitale-sammlungen.de/iiif/image/v2/bsb10311813_00135/full/full/0/default.jpg","https://rightsstatements.org/page/NoC-NC/1.0/"
"120","120_bsb11034272_14_conf_1.00.png","Statistische Uebersichten über Waaren-Verkehr und Zoll-Ertrag im Deutschen Zoll-Vereine : für das Jahr ... / 1857","Deutscher Zollverein","1857","14 (0014)","https://api.digitale-sammlungen.de/iiif/image/v2/bsb11034272_00014/full/full/0/default.jpg","https://rightsstatements.org/page/NoC-NC/1.0/"
"121","121_bsb11481292_81_conf_1.00.png","Drucksachen der Kommission für Arbeiterstatistik : Erhebungen. [1. 2 m. d. Tit.:] Arbeiterstatistik. Bearbeitet im Kaiserlichen Statistischen Amt / 6",,"1894","77 (0081)","https://api.digitale-sammlungen.de/iiif/image/v2/bsb11481292_00081/full/full/0/default.jpg","https://rightsstatements.org/page/NoC-NC/1.0/"
"122","122_bsb11034277_23_conf_1.00.png","Statistische Uebersichten über Waaren-Verkehr und Zoll-Ertrag im Deutschen Zoll-Vereine : für das Jahr ... / 1849","Deutscher Zollverein","1849","23 (0023)","https://api.digitale-sammlungen.de/iiif/image/v2/bsb11034277_00023/full/full/0/default.jpg","https://rightsstatements.org/page/NoC-NC/1.0/"
"123","123_bsb11314048_102_conf_1.00.png","Jahrbücher für Nationalökonomie und Statistik : = Journal of economics and statistics / 25. 1875",,"1875","92 (0102)","https://api.digitale-sammlungen.de/iiif/image/v2/bsb11314048_00102/full/full/0/default.jpg","https://rightsstatements.org/page/NoC-NC/1.0/"
"124","124_bsb11507316_77_conf_1.00.png","Statistica del commercio speciale di importazione e di esportazione / 1888, 1. Jan. - 30. Sept.",,"1888","75 (0077)","https://api.digitale-sammlungen.de/iiif/image/v2/bsb11507316_00077/full/full/0/default.jpg","https://rightsstatements.org/page/NoC-NC/1.0/"
"125","125_bsb11507329_20_conf_1.00.png","Statistica del commercio speciale di importazione e di esportazione / 1889, 1. Jan. - 31. Okt.",,"1889","18 (0020)","https://api.digitale-sammlungen.de/iiif/image/v2/bsb11507329_00020/full/full/0/default.jpg","https://rightsstatements.org/page/NoC-NC/1.0/"
"126","126_bsb11507326_103_conf_1.00.png","Statistica del commercio speciale di importazione e di esportazione / 1889, 1. Jan. - 31. Juli",,"1889","101 (0103)","https://api.digitale-sammlungen.de/iiif/image/v2/bsb11507326_00103/full/full/0/default.jpg","https://rightsstatements.org/page/NoC-NC/1.0/"
"127","127_bsb11034280_16_conf_1.00.png","Statistische Uebersichten über Waaren-Verkehr und Zoll-Ertrag im Deutschen Zoll-Vereine : für das Jahr ... / 1852","Deutscher Zollverein","1852","16 (0016)","https://api.digitale-sammlungen.de/iiif/image/v2/bsb11034280_00016/full/full/0/default.jpg","https://rightsstatements.org/page/NoC-NC/1.0/"
"128","128_bsb11507313_52_conf_1.00.png","Statistica del commercio speciale di importazione e di esportazione / 1888, 1. Jan. - 30. Juni",,"1888","50 (0052)","https://api.digitale-sammlungen.de/iiif/image/v2/bsb11507313_00052/full/full/0/default.jpg","https://rightsstatements.org/page/NoC-NC/1.0/"
"129","129_bsb11508046_89_conf_1.00.png","Beiträge zur Statistik des Rigaschen Handels. 2. Abtheilung, Rigas Handelsverkehr auf den Eisenbahnen / 1890 (1892)",,"1892","75 (0089)","https://api.digitale-sammlungen.de/iiif/image/v2/bsb11508046_00089/full/full/0/default.jpg","https://rightsstatements.org/page/NoC-NC/1.0/"
"130","130_bsb10291774_117_conf_1.00.png","Ueber Hamburgs Handel / 3 : Statistik des Hamburgischen Handels : 1842. 1843. 1844.","Soetbeer, Adolf","1846","107 (0117)","https://api.digitale-sammlungen.de/iiif/image/v2/bsb10291774_00117/full/full/0/default.jpg","https://rightsstatements.org/page/NoC-NC/1.0/"
"131","131_bsb11507325_86_conf_1.00.png","Statistica del commercio speciale di importazione e di esportazione / 1889, 1. Jan. - 30. Juni",,"1889","84 (0086)","https://api.digitale-sammlungen.de/iiif/image/v2/bsb11507325_00086/full/full/0/default.jpg","https://rightsstatements.org/page/NoC-NC/1.0/"
"132","132_bsb11507318_92_conf_1.00.png","Statistica del commercio speciale di importazione e di esportazione / 1888, 1. Jan. - 30. Nov.",,"1888","90 (0092)","https://api.digitale-sammlungen.de/iiif/image/v2/bsb11507318_00092/full/full/0/default.jpg","https://rightsstatements.org/page/NoC-NC/1.0/"
"133","133_bsb10388394_483_conf_1.00.png","Journal des économistes : revue bimensuelle de la science économique et de la statistique / 18. 1858 = 17 = Année 5",,"1858","479 (0483)","https://api.digitale-sammlungen.de/iiif/image/v2/bsb10388394_00483/full/full/0/default.jpg","https://rightsstatements.org/page/NoC-NC/1.0/"
"134","134_bsb11034284_31_conf_1.00.png","Statistische Uebersichten über Waaren-Verkehr und Zoll-Ertrag im Deutschen Zoll-Vereine : für das Jahr ... / 1856","Deutscher Zollverein","1856","31 (0031)","https://api.digitale-sammlungen.de/iiif/image/v2/bsb11034284_00031/full/full/0/default.jpg","https://rightsstatements.org/page/NoC-NC/1.0/"
"135","135_bsb10227713_18_conf_1.00.png","Tabelle zur Berechnung der Zinsen von 1 Silbengroschen bis 100 Thaler für einen Tag bis zu einem Jahr","Jacobi, ...","1842","16 (0018)","https://api.digitale-sammlungen.de/iiif/image/v2/bsb10227713_00018/full/full/0/default.jpg","https://rightsstatements.org/page/NoC-NC/1.0/"
"136","136_bsb11507330_93_conf_1.00.png","Statistica del commercio speciale di importazione e di esportazione / 1889, 1. Jan. - 30. Nov.",,"1889","91 (0093)","https://api.digitale-sammlungen.de/iiif/image/v2/bsb11507330_00093/full/full/0/default.jpg","https://rightsstatements.org/page/NoC-NC/1.0/"
"137","137_bsb11508175_77_conf_1.00.png","Statistika na Knjažestvoto Bălgarija. Vănšna tărgovija na knjažestvoto = Commerce extérieur de la principauté / 1880/81 (1883)","Bulgarien","1883","65 (0077)","https://api.digitale-sammlungen.de/iiif/image/v2/bsb11508175_00077/full/full/0/default.jpg","https://rightsstatements.org/page/NoC-NC/1.0/"
"138","138_bsb10291774_155_conf_1.00.png","Ueber Hamburgs Handel / 3 : Statistik des Hamburgischen Handels : 1842. 1843. 1844.","Soetbeer, Adolf","1846","145 (0155)","https://api.digitale-sammlungen.de/iiif/image/v2/bsb10291774_00155/full/full/0/default.jpg","https://rightsstatements.org/page/NoC-NC/1.0/"
"139","139_bsb10227397_47_conf_1.00.png","Statistischer Jahres-Bericht der Central-Commission für die Rhein-Schiffahrt / 1866/67 (1868)","Zentralkommission für die Rheinschifffahrt","1868","15 (0047)","https://api.digitale-sammlungen.de/iiif/image/v2/bsb10227397_00047/full/full/0/default.jpg","https://rightsstatements.org/page/NoC-NC/1.0/"
"140","140_bsb10227520_27_conf_1.00.png","Rechnungs-Tabelle über Ausgleichungs-Abgaben welche bei dem Uebergange aus einem der Vereinsgebiete in das andere, um darin zu verbleiben erhoben werden",,"1837","25 (0027)","https://api.digitale-sammlungen.de/iiif/image/v2/bsb10227520_00027/full/full/0/default.jpg","https://rightsstatements.org/page/NoC-NC/1.0/"
"141","141_bsb11507315_49_conf_1.00.png","Statistica del commercio speciale di importazione e di esportazione / 1888, 1. Jan. - 31. Aug.",,"1888","47 (0049)","https://api.digitale-sammlungen.de/iiif/image/v2/bsb11507315_00049/full/full/0/default.jpg","https://rightsstatements.org/page/NoC-NC/1.0/"
"142","142_bsb11034281_46_conf_1.00.png","Statistische Uebersichten über Waaren-Verkehr und Zoll-Ertrag im Deutschen Zoll-Vereine : für das Jahr ... / 1853","Deutscher Zollverein","1853","46 (0046)","https://api.digitale-sammlungen.de/iiif/image/v2/bsb11034281_00046/full/full/0/default.jpg","https://rightsstatements.org/page/NoC-NC/1.0/"
"143","143_bsb10227520_64_conf_1.00.png","Rechnungs-Tabelle über Ausgleichungs-Abgaben welche bei dem Uebergange aus einem der Vereinsgebiete in das andere, um darin zu verbleiben erhoben werden",,"1837","62 (0064)","https://api.digitale-sammlungen.de/iiif/image/v2/bsb10227520_00064/full/full/0/default.jpg","https://rightsstatements.org/page/NoC-NC/1.0/"
"144","144_bsb10228034_74_conf_1.00.png","Das österreichische Tabak-Monopol seit dessen Ausdehnung auf das gesammte Staatsgebiet : Ein Beitrag zur Statistik des Tabak-Monopols","Plenker, Georg Ritter von","1857","66 (0074)","https://api.digitale-sammlungen.de/iiif/image/v2/bsb10228034_00074/full/full/0/default.jpg","https://rightsstatements.org/page/NoC-NC/1.0/"
"145","145_bsb11507318_88_conf_1.00.png","Statistica del commercio speciale di importazione e di esportazione / 1888, 1. Jan. - 30. Nov.",,"1888","86 (0088)","https://api.digitale-sammlungen.de/iiif/image/v2/bsb11507318_00088/full/full/0/default.jpg","https://rightsstatements.org/page/NoC-NC/1.0/"
"146","146_bsb10291773_2_conf_1.00.png","Ueber Hamburgs Handel / [2]. 1. Fortsetzung: Statistik des hamburgischen Handels 1839, 1840, 1841. - 1842. - VIII, 420 S.","Soetbeer, Adolf","1842","(0002)","https://api.digitale-sammlungen.de/iiif/image/v2/bsb10291773_00002/full/full/0/default.jpg","https://rightsstatements.org/page/NoC-NC/1.0/"
"147","147_bsb11507318_52_conf_1.00.png","Statistica del commercio speciale di importazione e di esportazione / 1888, 1. Jan. - 30. Nov.",,"1888","50 (0052)","https://api.digitale-sammlungen.de/iiif/image/v2/bsb11507318_00052/full/full/0/default.jpg","https://rightsstatements.org/page/NoC-NC/1.0/"
"148","148_bsb10227397_90_conf_1.00.png","Statistischer Jahres-Bericht der Central-Commission für die Rhein-Schiffahrt / 1866/67 (1868)","Zentralkommission für die Rheinschifffahrt","1868","58 (0090)","https://api.digitale-sammlungen.de/iiif/image/v2/bsb10227397_00090/full/full/0/default.jpg","https://rightsstatements.org/page/NoC-NC/1.0/"
"149","149_bsb11187705_55_conf_1.00.png","Die Reichs-Mark : Nachschlagetabellen zur mühelosen Umwandlung der süd- und norddeutschen, Hamburger Courant-, österreichischen und Franken-Währung, sowie des Bremer Geldes mit Brüchen und in abgerundeten Zahlen in die Neue Deutsche Reichswährung und umgekehrt. Von Philipp Kellerhals. Mit einer durch Beispiele erläuterten Anweisung zum Gebrauch der Tabellen","Kellerhals, Philipp","1874","41 (0055)","https://api.digitale-sammlungen.de/iiif/image/v2/bsb11187705_00055/full/full/0/default.jpg","https://rightsstatements.org/page/NoC-NC/1.0/"
"150","150_bsb11507326_102_conf_1.00.png","Statistica del commercio speciale di importazione e di esportazione / 1889, 1. Jan. - 31. Juli",,"1889","100 (0102)","https://api.digitale-sammlungen.de/iiif/image/v2/bsb11507326_00102/full/full/0/default.jpg","https://rightsstatements.org/page/NoC-NC/1.0/"
